Date,Production & Import Tax (B),Corporate Income Tax (B),Personal Income Tax (B),Taxes from ROW (B),Total Tax Receipts (B),Sum Known Components,Other Taxes (B),Personal Income Tax (%),Corporate Income Tax (%),Production & Import Tax (%),Taxes from ROW (%),Other Taxes (%)
1947-01-01,1.852,10.876,18.192,1e-05,36.86,30.920009999999998,5.939990000000002,49.354313619099294,29.506239826370045,5.0244167118828,2.712967986977754e-05,16.11500271296799
1947-04-01,1.798,10.296,18.488,1e-05,36.316,30.58201,5.733990000000002,50.90869038440356,28.35113999339134,4.950985791386716,2.7536072254653597e-05,15.789156294746123
1947-07-01,1.902,10.144,18.704,1e-05,36.264,30.75001,5.513990000000003,51.5773218619016,27.972645047429957,5.2448709463931165,2.757555702625193e-05,15.205134568718295
1947-10-01,2.112,11.04,19.788,1e-05,38.744,32.94001,5.803989999999999,51.07371463968614,28.494734668593846,5.451166632252736,2.5810448069378484e-05,14.980358249019199
1948-01-01,1.843,11.352,20.06,1e-05,38.952,33.25501,5.6969899999999996,51.49928116656397,29.14356130622305,4.731464366399671,2.567262271513658e-05,14.625667488190594
1948-04-01,1.894,11.956,17.808,1e-05,37.684,31.658009999999997,6.02599,47.25612992251354,31.726992888228427,5.026005731875597,2.6536461097548033e-05,15.990844920921349
1948-07-01,2.01,11.728,17.1,1e-05,36.74,30.83801,5.901990000000001,46.54327708219924,31.921611322808925,5.470876428960261,2.7218290691344584e-05,16.064207947740886
1948-10-01,2.081,11.296,17.292,1e-05,36.528,30.66901,5.858989999999999,47.33902759526939,30.924222514235655,5.696999561979851,2.7376259307928168e-05,16.0397229522558
1949-01-01,1.854,10.18,16.472,1e-05,34.424,28.50601,5.91799,47.85033697420405,29.572391354868692,5.3857773646293285,2.904950034859401e-05,17.191465256797585
1949-04-01,1.923,8.944,15.648,1e-05,32.52,26.51501,6.004990000000003,48.1180811808118,27.503075030750306,5.913284132841328,3.0750307503075034e-05,18.465528905289062
1949-07-01,2.077,9.336,14.932,1e-05,32.324,26.34501,5.97899,46.1947778740255,28.882564039104075,6.425566142804108,3.0936765251825276e-05,18.497061007301077
1949-10-01,2.016,9.16,14.452,1e-05,31.336,25.62801,5.707989999999999,46.11947919326015,29.231554761296913,6.43349502170028,3.1912177687005363e-05,18.215439111564972
1950-01-01,1.877,12.856,15.156,1e-05,35.864,29.88901,5.974989999999998,42.259647557439216,35.846531340620125,5.233660495204105,2.788311398616998e-05,16.66013272362257
1950-04-01,2.065,15.408,16.12,1e-05,40.024,33.59301,6.430990000000001,40.27583449930042,38.49690185888467,5.159404357385569,2.4985008994603238e-05,16.06783429942035
1950-07-01,2.516,18.864,17.432,1e-05,46.116,38.81201,7.303989999999999,37.80032960360829,40.905542544886806,5.455807095151358,2.1684447913956113e-05,15.838299071905626
1950-10-01,2.276,20.704,21.02,1e-05,50.492,44.00001,6.491989999999994,41.63035728432227,41.00451556682247,4.5076447754099656,1.9805117642398797e-05,12.857462568327646
1951-01-01,2.363,25.02,22.78,1e-05,57.628,50.16301,7.46499,39.529395432775736,43.4163948080794,4.100437287429721,1.735267578260568e-05,12.953755119039357
1951-04-01,2.162,21.132,24.708,1e-05,54.644,48.002010000000006,6.641989999999993,45.216309201376184,38.672132347558744,3.9565185564746357,1.8300270844008494e-05,12.155021594319583
1951-07-01,2.25,19.1,26.096,1e-05,54.028,47.44601,6.581989999999998,48.30088102465388,35.35203968312727,4.164507292514992,1.8508921300066635e-05,12.182553490782553
1951-10-01,2.415,20.432,27.916,1e-05,57.644,50.76301,6.880989999999997,48.428283949760605,35.445146068975085,4.189508014710984,1.734785927416557e-05,11.937044618694049
1952-01-01,2.347,18.684,29.06,1e-05,57.484,50.091010000000004,7.3929899999999975,50.553197411453624,32.50295734465243,4.082875234847958,1.739614501426484e-05,12.860952612900977
1952-04-01,2.509,17.576,29.968,1e-05,57.676,50.05301,7.6229900000000015,51.959220472987035,30.47368056037173,4.350162979402177,1.7338234274221515e-05,13.21691864900479
1952-07-01,2.552,17.516,30.428,1e-05,58.076,50.496010000000005,7.579989999999995,52.39341552448516,30.160479371857562,4.3942420276878575,1.7218816722914803e-05,13.051845857152689
1952-10-01,2.713,19.348,31.212,1e-05,61.04,53.273010000000006,7.766989999999993,51.13368283093054,31.697247706422015,4.444626474442988,1.63826998689384e-05,12.724426605504574
1953-01-01,2.6,20.42,31.5,1e-05,62.704,54.520010000000006,8.183989999999994,50.2360295993876,32.565705537126824,4.146465935187548,1.594794590456749e-05,13.051782980352122
1953-04-01,2.71,20.508,31.516,1e-05,62.96,54.734010000000005,8.225989999999996,50.057179161372304,32.57306226175349,4.304320203303685,1.588310038119441e-05,13.065422490470132
1953-07-01,2.713,20.032,31.236,1e-05,62.0,53.981010000000005,8.018989999999995,50.380645161290325,32.309677419354834,4.375806451612903,1.6129032258064517e-05,12.933854838709669
1953-10-01,2.684,15.58,30.972,1e-05,56.928,49.23601,7.691989999999997,54.40556492411468,27.367903316469928,4.714727374929736,1.7566048341765037e-05,13.511786818437319
1954-01-01,2.37,15.376,28.14,1e-05,53.236,45.88601,7.349989999999998,52.85896761589902,28.88271094747915,4.451874671275077,1.8784281313396953e-05,13.806427981065442
1954-04-01,2.392,15.872,27.888,1e-05,53.36,46.15201000000001,7.207989999999988,52.263868065967024,29.74512743628186,4.482758620689655,1.8740629685157423e-05,13.50822713643176
1954-07-01,2.295,16.872,27.896,1e-05,54.012,47.063010000000006,6.948989999999995,51.64778197437606,31.237502777160632,4.24905576538547,1.8514404206472637e-05,12.86564096867362
1954-10-01,2.45,18.18,28.348,1e-05,55.992,48.978010000000005,7.013989999999993,50.62866123731962,32.46892413201886,4.375625089298472,1.7859694242034577e-05,12.526771681668796
1955-01-01,2.384,20.196,29.048,1e-05,59.228,51.62801,7.599989999999998,49.04437090565273,34.09873708381171,4.025123252515702,1.6883906260552443e-05,12.831751874113593
1955-04-01,2.658,20.432,30.068,1e-05,61.024,53.158010000000004,7.8659899999999965,49.27241740954379,33.48190875721028,4.355663345568956,1.638699528054536e-05,12.889994100681692
1955-07-01,2.64,20.908,30.956,1e-05,62.492,54.50401000000001,7.987989999999989,49.53594060039685,33.457082506560845,4.224540741214875,1.600204826217756e-05,12.782420149779156
1955-10-01,2.746,21.748,31.808,1e-05,64.132,56.30201,7.829990000000002,49.59770473398615,33.91130792739973,4.281793800286908,1.5592839767978543e-05,12.209177945487435
1956-01-01,2.523,20.64,32.704,1e-05,63.936,55.86701000000001,8.068989999999992,51.151151151151154,32.28228228228228,3.946133633633634,1.5640640640640644e-05,12.620417292292279
1956-04-01,2.675,21.028,33.572,1e-05,65.176,57.27501,7.90099,51.50975819319995,32.26340984411439,4.1042715109856385,1.5343071069105193e-05,12.122545108628943
1956-07-01,2.726,19.72,34.212,1e-05,64.956,56.658010000000004,8.297989999999999,52.66949935340847,30.359012254449162,4.196686988115031,1.5395036640187203e-05,12.774786008990699
1956-10-01,3.042,20.8,35.164,1e-05,67.636,59.00601,8.629989999999992,51.99006446271217,30.75285350996511,4.497604825832397,1.4785025725944764e-05,12.759462416464595
1957-01-01,2.75,21.256,35.712,1e-05,68.528,59.71801000000001,8.809989999999999,52.1130049031053,31.017978052766747,4.012958206864347,1.4592575297688535e-05,12.8560442446883
1957-04-01,2.939,20.316,36.076,1e-05,67.94,59.33101,8.608989999999999,53.09979393582574,29.902855460700618,4.325875772740654,1.4718869590815427e-05,12.671460111863409
1957-07-01,2.885,19.844,36.292,1e-05,67.792,59.021010000000004,8.770989999999998,53.534340335142794,29.271890488553222,4.255664385178191,1.4751003068208639e-05,12.938090040122724
1957-10-01,2.926,18.028,35.896,1e-05,65.16,56.850010000000005,8.309989999999992,55.0890116635973,27.667280540208715,4.490484960098221,1.534683855125844e-05,12.753207489257202
1958-01-01,2.623,15.44,35.156,1e-05,61.632,53.21901,8.41299,57.04179646936657,25.05192107995846,4.255906022845276,1.622533748701973e-05,13.650360202492212
1958-04-01,2.867,15.768,34.668,0.002439881761874153,61.632,53.30543988176187,8.326560118238127,56.25,25.58411214953271,4.651804257528556,0.003958790501483244,13.510124802437254
1958-07-01,2.713,17.876,35.868,1e-05,64.8,56.457010000000004,8.342989999999993,55.351851851851855,27.58641975308642,4.186728395061729,1.5432098765432103e-05,12.874984567901224
1958-10-01,2.995,20.66,36.248,1e-05,68.412,59.90301,8.508990000000004,52.98485645793135,30.199380225691396,4.377886920423317,1.4617318599076184e-05,12.437861778635332
1959-01-01,2.812,21.56,37.152,0.007899357124328614,70.632,61.53189935712433,9.100100642875674,52.59938837920489,30.524408200249177,3.9811983237059687,0.01118382195651916,12.883821274883442
1959-04-01,3.139,23.604,38.292,0.04937415768814086,74.056,65.08437415768813,8.971625842311866,51.70681646321703,31.873177055201467,4.2386842389543045,0.06667138069587995,12.114650861931331
1959-07-01,3.036,20.896,38.712,1e-05,72.152,62.64401000000001,9.507989999999992,53.65339838119526,28.96108215988469,4.207783568023062,1.38596296706952e-05,13.177722031267313
1959-10-01,3.224,20.232,39.708,1e-05,72.496,63.164010000000005,9.33198999999999,54.772677113220034,27.907746634297066,4.447141911277864,1.3793864489075262e-05,12.87242054734053
1960-01-01,3.134,22.704,41.14,0.049735576789855955,77.184,67.02773557678985,10.156264423210146,53.301202321724716,29.41542288557214,4.06042703150912,0.06443767722566329,13.15851008396837
1960-04-01,3.503,20.772,41.816,0.0996291120529175,75.816,66.19062911205293,9.62537088794707,55.154584784214414,27.397910731244064,4.620396750026379,0.13140908522332684,12.695698649291797
1960-07-01,3.095,19.844,42.264,1e-05,75.24,65.20301,10.036989999999989,56.17224880382776,26.374269005847957,4.113503455608719,1.3290802764486978e-05,13.3399654439128
1960-10-01,3.34,18.88,42.132,1e-05,73.98,64.35201,9.627989999999997,56.950527169505264,25.520410921870774,4.514733711814004,1.3517166801838334e-05,13.01431467964314
1961-01-01,2.957,18.696,42.164,0.09386045457077027,73.82,63.91086045457077,9.90913954542922,57.117312381468444,25.326469791384454,4.005689515036575,0.12714773038576305,13.423380581724764
1961-04-01,3.474,20.072,42.46,0.1416926356239319,75.66,66.14769263562393,9.51230736437607,56.11948189267777,26.52920962199313,4.591593973037273,0.18727548985452272,12.572439022437312
1961-07-01,3.153,21.288,42.756,0.013570286087036148,77.316,67.21057028608703,10.105429713912969,55.30032593512338,27.53375756635108,4.078069222411919,0.017551717738936504,13.070295558374681
1961-10-01,3.577,23.16,43.396,1e-05,80.288,70.13301,10.154989999999998,54.05041849342368,28.84615384615385,4.455211239537665,1.245516141889199e-05,12.648203965723393
1962-01-01,3.244,21.536,44.552,0.1392117049293518,80.136,69.47121170492935,10.66478829507065,55.59548767095938,26.874313666766504,4.048118199061595,0.173719308337516,13.308361154875026
1962-04-01,3.723,21.268,45.964,0.19576244286346434,81.324,71.15076244286347,10.173237557136531,56.51960060990605,26.15218139786533,4.577984358860853,0.2407191516200191,12.509514481747738
1962-07-01,3.379,21.912,47.216,0.0748025997505188,83.648,72.58180259975052,11.066197400249479,56.446059678653405,26.195485845447593,4.039546671767407,0.08942544920442665,13.22948235492717
1962-10-01,3.785,21.968,48.384,0.06022837363815309,84.796,74.19722837363815,10.598771626361852,57.05929524977593,25.90688240011321,4.4636539459408455,0.0710273758646081,12.499141028305406
1963-01-01,3.345,22.048,48.832,0.19548304204177855,85.448,74.42048304204177,11.027516957958227,57.1482070967138,25.802827450613236,3.9146615485441445,0.22877427446140172,12.905529629667434
1963-04-01,3.937,23.624,49.008,0.254200247089386,87.496,76.82320024708939,10.672799752910606,56.01170339215508,27.000091432751212,4.4996342689951545,0.29052784937526976,12.198043056723288
1963-07-01,3.505,24.288,49.096,0.13902682177734377,88.356,77.02802682177735,11.32797317822265,55.5661188827018,27.488795327991312,3.9669066050975603,0.15734847862889195,12.820830705580436
1963-10-01,3.899,24.832,49.616,0.12421496243667603,89.54,78.47121496243669,11.068785037563316,55.41210632119723,27.73285682376591,4.354478445387536,0.1387256672288095,12.3618327424205
1964-01-01,3.413,24.408,47.992,0.22134418008422851,87.56,76.03434418008423,11.52565581991577,54.81041571493832,27.87574234810416,3.897898583828232,0.2527914345411472,13.163151918588134
1964-04-01,4.192,24.404,43.724,0.2716197636222839,83.648,72.59161976362228,11.05638023637772,52.271423106350426,29.174636572302987,5.011476664116297,0.3247175827542606,13.217746074476041
1964-07-01,3.686,24.94,45.36,0.15842066605758665,85.964,74.14442066605757,11.819579333942428,52.76627425433903,29.01214461867759,4.287841421990601,0.18428722029871417,13.74945248469409
1964-10-01,4.133,24.484,46.864,0.16314708486557009,87.432,75.64414708486557,11.787852915134437,53.600512398206604,28.003476987830545,4.727102205142282,0.1865988252191075,13.482309583601468
1965-01-01,3.902,26.284,50.504,0.24681683323287962,93.352,80.93681683323288,12.415183166767122,54.100608449738615,28.155797411946182,4.179878310052275,0.26439372828957025,13.299322099973349
1965-04-01,4.231,27.104,51.868,0.3039707060661316,94.828,83.50697070606614,11.321029293933861,54.696924958872906,28.582275277344245,4.461762348673387,0.32054952763543637,11.938487887474016
1965-07-01,3.428,27.596,50.384,0.20230584762573242,92.916,81.61030584762574,11.305694152374258,54.225321796030826,29.699944035472903,3.6893538249601794,0.2177298286901421,12.167650514845946
1965-10-01,3.866,29.424,51.516,0.2121784556732178,96.116,85.01817845567321,11.097821544326791,53.597736068916724,30.613009280452786,4.0222231470306715,0.22075248207709205,11.546279021522734
1966-01-01,3.067,30.244,54.392,0.27411071509170537,98.692,87.97711071509171,10.714889284908281,55.112876423620975,30.64483443440198,3.1076480363150005,0.27774360139799115,10.856897504264056
1966-04-01,4.053,30.152,58.0,0.32874278859710687,102.972,92.53374278859711,10.438257211402885,56.32599153167852,29.2817464941926,3.9360214427222937,0.31925454356243144,10.136985987844156
1966-07-01,3.506,29.7,59.836,0.24064808037185667,104.296,93.28264808037186,11.01335191962815,57.37132775945386,28.47664339955511,3.3615862545064044,0.23073567574198114,10.559706910742644
1966-10-01,3.823,29.02,62.18,0.26179478789138794,106.272,95.28479478789139,10.98720521210862,58.51023788015658,27.307286961758503,3.5973727792833485,0.24634408676922231,10.33875829203235
1967-01-01,3.372,27.808,62.856,0.2993395406951904,105.788,94.33533954069519,11.45266045930481,59.41694710175067,26.286535334820588,3.1875070896510005,0.2829617165417537,10.82604875723599
1967-04-01,3.914,27.52,62.648,0.3568737259635925,105.568,94.4388737259636,11.129126274036395,59.343740527432566,26.068505607759928,3.7075628978478328,0.33805104384244516,10.542139923117228
1967-07-01,3.727,27.764,65.156,0.2661970784721374,108.372,96.91319707847214,11.458802921527862,60.1225408777175,25.61916362159967,3.4390802052190605,0.24563270814614238,10.57358258731763
1967-10-01,4.151,29.384,66.884,0.30697779626846317,111.94,100.72597779626847,11.214022203731531,59.74986599964267,26.249776666071114,3.7082365552974803,0.27423422929110525,10.017886549697634
1968-01-01,3.846,32.956,68.832,0.33834902421951296,118.228,105.97234902421951,12.255650975780483,58.219711066752375,27.874953479717163,3.253036505734682,0.28618349648096303,10.366115451314819
1968-04-01,4.25,33.504,71.392,0.4074772314834595,121.904,109.55347723148344,12.350522768516555,58.564116025725156,27.48392177451109,3.4863499146869668,0.33426075558099777,10.131351529495797
1968-07-01,4.219,33.54,81.016,0.3356105561027527,132.152,119.11061055610276,13.04138944389723,61.30516375083238,25.379865609298385,3.1925358677886075,0.2539579848225927,9.86847678725803
1968-10-01,4.557,34.364,84.5,0.3919491958389282,136.584,123.81294919583894,12.771050804161064,61.86669009547238,25.159608738944527,3.3364083640836406,0.2869656737530956,9.350327127746342
1969-01-01,4.112,34.616,90.744,0.4099688792686463,143.02,129.88196887926864,13.13803112073137,63.44846874562998,24.203607887008808,2.8751223605090197,0.28665143285459815,9.186149573997602
1969-04-01,4.628,33.508,93.336,0.47671501990509035,145.064,131.94871501990508,13.115284980094913,64.34125627309326,23.098770197981583,3.190315998455854,0.32862393144066787,9.041033599028644
1969-07-01,4.435,32.244,90.776,0.40108222715377817,141.652,127.85608222715378,13.79591777284621,64.08381102984781,22.762827210346483,3.130912376810776,0.2831461801836742,9.739303202811262
1969-10-01,4.637,31.812,91.944,0.4489306993484497,142.068,128.84193069934844,13.226069300651574,64.71830391080327,22.39209392685193,3.2639299490384883,0.31599705728837574,9.309675156017944
1970-01-01,4.241,26.952,90.556,0.42208482030487066,135.748,122.17108482030487,13.57691517969512,66.70890178860832,19.854436161122084,3.1241712585084125,0.31093262538296745,10.001558166378231
1970-04-01,4.65,27.024,91.364,0.4789648051185608,136.872,123.51696480511858,13.355035194881438,66.75141738266409,19.74399438891811,3.397334736103805,0.34993629458074754,9.757317197733236
1970-07-01,4.492,27.904,86.34,0.3932778063735962,132.8,119.1292778063736,13.670722193626418,65.01506024096385,21.012048192771083,3.3825301204819276,0.2961429264861417,10.294218519297
1970-10-01,4.698,26.608,87.152,0.44911202211761475,132.3,118.90711202211762,13.392887977882395,65.87452758881331,20.111866969009824,3.5510204081632657,0.33946486932548353,10.12312016468813
1971-01-01,4.692,29.872,83.62,0.40813456121826164,133.248,118.59213456121826,14.655865438781731,62.755163304514895,22.418347742555238,3.5212536023054763,0.30629695096231213,10.998938399662082
1971-04-01,4.886,30.68,85.108,0.47166030158615113,134.872,121.14566030158616,13.726339698413852,63.10279376000949,22.747493920161336,3.622694109970935,0.34970957766337796,10.177308632194858
1971-07-01,4.666,29.752,86.292,0.3990190076522827,135.276,121.10901900765228,14.166980992347732,63.78958573582897,21.993553919394422,3.4492445075253557,0.29496659248668106,10.472649244764579
1971-10-01,4.748,30.092,88.192,0.47819887746429446,137.648,123.51019887746429,14.137801122535706,64.07067302103917,21.861559920957806,3.449378123910264,0.34740706545993727,10.270981868632822
1972-01-01,4.344,31.76,100.284,0.43492781704330447,150.632,136.8229278170433,13.809072182956697,66.57549524669393,21.084497317966967,2.8838493812735675,0.2887353397971908,9.167422714268348
1972-04-01,4.748,32.008,102.404,0.5037152229118347,153.08,139.66371522291183,13.41628477708818,66.89574078912986,20.909328455709435,3.1016461980663705,0.32905358172970645,8.764230975364631
1972-07-01,4.611,33.12,103.06,0.4377115448799134,155.1,141.2287115448799,13.871288455120094,66.4474532559639,21.353965183752415,2.9729206963249517,0.28221247252089837,8.943448391437842
1972-10-01,4.778,36.616,105.28,0.5122249804229737,161.256,147.186224980423,14.069775019577008,65.28749317854839,22.706751996824927,2.9629905243835886,0.3176470831615405,8.725117217081541
1973-01-01,4.704,39.288,104.5,0.4363223008117676,163.716,148.9283223008118,14.787677699188208,63.830047154829096,23.997654474822248,2.873268342739866,0.2665117036891737,9.032518323919597
1973-04-01,4.997,39.356,106.864,0.4957232841300965,166.456,151.71272328413008,14.74327671586991,64.19954822896142,23.643485365502,3.0019945210746384,0.29781040282723154,8.857161481634733
1973-07-01,5.017,37.588,110.976,0.42391313280487064,168.66,154.00491313280486,14.655086867195138,65.79864816791178,22.286256373769714,2.9746235029052532,0.2513418313796221,8.68913012403364
1973-10-01,5.081,39.444,115.984,0.5128640445976257,175.876,161.0218640445976,14.854135955402398,65.94646228024288,22.427164593236146,2.8889672269098687,0.29160547465124614,8.445800424959856
1974-01-01,4.786,37.372,119.528,0.4214157278442383,177.044,162.10741572784426,14.936584272155756,67.51316057025372,21.108876889360836,2.7032827997559927,0.23802881082908106,8.436650929800363
1974-04-01,5.112,39.296,124.82,0.486054199131012,184.556,169.714054199131,14.841945800869013,67.63258848262858,21.292182318645832,2.769890981599081,0.26336407330621164,8.04197414382031
1974-07-01,5.123,43.496,129.748,0.43120948531723025,193.832,178.79820948531722,15.033790514682778,66.93837962771885,22.440051178340006,2.6430104420322755,0.22246558118227655,7.756093170726598
1974-10-01,5.043,38.096,132.004,0.533689784450531,190.652,175.67668978445053,14.975310215549456,69.23819314772464,19.98195665400835,2.6451335417409734,0.27992876258865945,7.8547878939373605
1975-01-01,4.71,31.48,132.264,0.4521938114585876,183.944,168.9061938114586,15.037806188541396,71.90449267168269,17.1139042317227,2.5605619101465664,0.24583232476111622,8.175208861686926
1975-04-01,5.527,34.184,94.612,0.5353536818046569,150.556,134.85835368180463,15.697646318195382,62.84173330853635,22.705172826058075,3.6710592736257603,0.35558442161365666,10.426450170166172
1975-07-01,5.812,43.164,125.664,0.5189863165931702,192.616,175.15898631659317,17.457013683406842,65.24068613199319,22.409353324749762,3.0174025003115004,0.2694409169503936,9.063117125995161
1975-10-01,6.028,43.88,130.38,0.6730919135856628,198.704,180.96109191358565,17.74290808641436,65.61518640792335,22.083098478138336,3.0336581045172717,0.33874099846287076,8.929316010958189
1976-01-01,5.002,49.888,133.035,0.6234662666893006,204.383,188.5484662666893,15.834533733310707,65.09103007588693,24.40907511877211,2.4473659746652117,0.30504800628687345,7.74748082438887
1976-04-01,5.502,48.956,138.739,0.7317914466133117,209.755,193.9287914466133,15.826208553386692,66.14335772687183,23.33961049796191,2.6230602369431,0.3488791431018626,7.545092395121304
1976-07-01,5.514,48.488,144.527,0.7072613408088684,215.427,199.23626134080885,16.19073865919114,67.08861934669285,22.507856489669358,2.5595677422050165,0.32830673072960603,7.51564969070318
1976-10-01,5.356,47.496,150.087,0.8256561470375061,220.003,203.7646561470375,16.238343852962487,68.22043335772693,21.588796516411144,2.4345122566510455,0.3752931310198071,7.380964738191064
1977-01-01,5.265,51.0,155.268,0.6840028065681458,228.932,212.21700280656813,16.714997193431856,67.82275959673615,22.277357468593294,2.29980955043419,0.2987799025772482,7.30129348165912
1977-04-01,5.665,55.712,160.972,0.7436412074470521,239.908,223.09264120744706,16.815358792552928,67.09738733181054,23.22223519015623,2.3613218400386815,0.3099693246773981,7.009086313317159
1977-07-01,6.012,57.876,162.624,0.7178242724266053,244.424,227.2298242724266,17.194175727573395,66.53356462540503,23.67852584034301,2.459660262494681,0.2936799464973183,7.034569325259955
1977-10-01,5.781,58.124,171.188,0.8738361986961365,253.3,235.96683619869611,17.333163801303897,67.58310303987366,22.94670351362021,2.2822739834188708,0.34498073379239497,6.842938729294866
1978-01-01,5.671,54.444,173.36,0.7934211458435059,252.624,234.26842114584352,18.355578854156477,68.62372537842802,21.55139654189626,2.244838178478688,0.3140719590551594,7.265967942141869
1978-04-01,6.469,66.204,182.944,0.9073046790542603,275.452,256.52430467905424,18.92769532094576,66.41592727589561,24.03467754817536,2.3485035505278598,0.32938758079602265,6.871504044605143
1978-07-01,6.538,66.668,195.376,0.906168825050354,288.508,269.48816882505037,19.019831174949616,67.7194393223065,23.107851428729884,2.266141666782204,0.3140879369204161,6.592479645261004
1978-10-01,6.6,70.26,205.116,1.0659457821655274,302.716,283.04194578216556,19.674054217834453,67.75855917757899,23.209873280566605,2.180261367089946,0.35212733458605666,6.499178840178402
1979-01-01,6.269,66.636,211.591,0.9283429992637634,305.111,285.42434299926373,19.68665700073626,69.34885992310996,21.83992055350348,2.054662073802649,0.3042640217048102,6.452293427879121
1979-04-01,6.346,66.532,219.935,1.0262755750389099,313.483,293.8392755750389,19.64372442496108,70.15850939285384,21.223479423126612,2.0243521977268304,0.32737838257223195,6.266280603720483
1979-07-01,6.48,65.28,229.435,1.0565327134284974,321.235,302.25153271342856,18.983467286571454,71.42279016919078,20.32157143524211,2.017214811586533,0.32889713556383876,5.909526448416721
1979-10-01,6.589,62.148,238.563,1.282966612766266,327.619,308.58296661276626,19.036033387233772,72.81720535133798,18.969595780464502,2.0111776179037233,0.3916032381413367,5.810418012152461
1980-01-01,6.454,67.004,238.273,1.239510080718994,334.369,312.970510080719,21.39848991928102,71.26049364624112,20.03893901647581,1.9302028597148655,0.3707012554151234,6.399663222153075
1980-04-01,8.575,49.832,244.173,1.3856796095771788,329.157,303.96567960957714,25.191320390422845,74.18131772983713,15.139280039616354,2.6051397965104797,0.42097832024753506,7.6532841137885095
1980-07-01,9.335,55.952,252.789,1.4033856514511107,346.541,319.4793856514511,27.061614348548915,72.94634689690398,16.145852871665976,2.69376495133332,0.40496958554719664,7.809065694549538
1980-10-01,9.299,61.664,267.249,1.5614284038162234,367.909,339.77342840381624,28.135571596183752,72.6399734717009,16.76066636043152,2.5275271874295004,0.42440614494786033,7.64742683549023
1981-01-01,12.212,58.536,278.363,1.3547761038131714,389.143,350.46577610381314,38.67722389618683,71.53231588387817,15.042285226767541,3.1381779962635843,0.34814351120620735,9.939077381884509
1981-04-01,13.243,50.708,288.999,1.3981224974174502,393.071,354.3481224974174,38.722877502582605,73.5233583754589,12.90046836322191,3.369111432794584,0.35569210076994995,9.851369727754681
1981-07-01,12.267,52.7,301.399,1.3468053535804747,404.735,367.71280535358045,37.022194646419564,74.46823230014701,13.020865504589423,3.030872052083462,0.332762265082208,9.147267878097907
1981-10-01,12.207,44.764,295.899,1.4832208694915774,390.203,354.35322086949157,35.84977913050841,75.83206689851181,11.471977406631934,3.128371642452775,0.38011518863042504,9.187468863773065
1982-01-01,10.573,33.484,295.213,1.2216027827224731,373.505,340.49160278272245,33.01339721727754,79.03856708745532,8.964806361360624,2.8307519310317133,0.3270646397564887,8.838809980395856
1982-04-01,10.281,34.736,301.669,1.279429952163696,377.697,347.9654299521637,29.73157004783633,79.87063704503873,9.196790019512994,2.7220232090802945,0.33874506606186866,7.871804660306099
1982-07-01,9.936,35.424,289.737,1.253861533420563,366.537,336.3508615334205,30.18613846657945,79.0471357598278,9.66450863077943,2.710776811072279,0.34208320944967713,8.235495588870824
1982-10-01,10.166,31.724,295.765,1.5184817245407105,369.325,339.1734817245407,30.151518275459296,80.08258309077371,8.589724497393894,2.75258918296893,0.41115053801955204,8.163952690843917
1983-01-01,9.824,34.272,289.538,1.1360198327674866,366.026,334.7700198327675,31.255980167232508,79.10312382180501,9.363269275953073,2.68396234147301,0.31036588460040726,8.539278676168498
1983-04-01,11.358,46.256,295.282,1.2424116885643004,388.038,354.1384116885643,33.89958831143571,76.09615553115931,11.92048201464805,2.927032919456342,0.32017784046003234,8.736151694276257
1983-07-01,11.542,53.312,277.342,1.2163919060058594,377.326,343.41239190600584,33.913608093994185,73.50195851862844,14.128896497988475,3.0588933707192187,0.3223716112872846,8.987880001376578
1983-10-01,11.659,54.624,284.934,1.4018886822814938,386.546,352.6188886822815,33.92711131771847,73.71283107314525,14.131306493923104,3.016199883066957,0.36267059606915963,8.77699195379553
1984-01-01,11.458,64.816,287.888,1.2489169672660827,401.0,365.4109169672661,35.589083032733924,71.7925187032419,16.16359102244389,2.8573566084788027,0.31145061527832485,8.875083050557087
1984-04-01,11.874,63.8,294.596,1.323709420223236,407.192,371.59370942022326,35.598290579776744,72.3481797284819,15.668284249199393,2.9160690779779563,0.32508237397179607,8.742384570368952
1984-07-01,12.065,53.776,307.34,1.2653061843681337,409.792,374.4463061843681,35.345693815631876,74.9990238950492,13.122754958613154,2.9441765578635017,0.3087679077112617,8.625276680762894
1984-10-01,11.903,54.344,317.748,1.5130514583206176,420.74,385.5080514583206,35.2319485416794,75.52122450919808,12.916290345581594,2.8290630793364073,0.3596167367782045,8.373805329105718
1985-01-01,11.439,57.736,353.018,1.3687279001083374,458.534,423.56172790010834,34.972272099891654,76.98840216865051,12.59143269637584,2.4946895977179446,0.29850085274120075,7.626974684514487
1985-04-01,11.447,56.332,307.582,1.6811008616027832,411.414,377.04210086160276,34.371899138397225,74.76216171544965,13.692290490843773,2.782355486201247,0.4086153756563421,8.354576931848994
1985-07-01,11.799,60.828,340.03,1.883458084114075,449.822,414.540458084114,35.28154191588601,75.59212310647322,13.522682305445265,2.623037557078133,0.4187118647185053,7.843445166284887
1985-10-01,11.367,58.98,345.182,2.1904277651176454,451.882,417.7194277651177,34.162572234882305,76.38764102132858,13.052079967779198,2.5154797048787074,0.48473445835807694,7.560064847655429
1986-01-01,10.896,63.008,341.825,1.517330346042633,450.793,417.2463303460426,33.546669653957395,75.82748622982166,13.977146938838892,2.417073911972901,0.336591372546298,7.441701546820247
1986-04-01,10.688,63.432,344.405,1.6427917268791197,452.337,420.1677917268791,32.16920827312089,76.13902908672074,14.023172988280862,2.3628400948850086,0.3631787200426053,7.111779110070786
1986-07-01,11.151,64.56,351.973,1.7256253185615542,462.097,429.40962531856155,32.68737468143843,76.16863991759305,13.97109264937881,2.4131297108615724,0.373433568831123,7.073704153335432
1986-10-01,10.963,73.088,364.201,2.0960953182792665,482.909,450.34809531827926,32.56090468172073,75.41814296275282,15.134942608234677,2.270199975564754,0.4340559646391487,6.742658488808602
1987-01-01,10.898,76.035,358.341,1.76838201953125,480.364,447.04238201953126,33.321617980468716,74.59780499787662,15.828621628598313,2.2686962386856635,0.36813375263992515,6.936743382199481
1987-04-01,11.196,87.267,410.213,1.9232917308006285,545.316,510.5992917308007,34.71670826919933,75.22482377190472,16.003014765750496,2.0531214928591863,0.35269306801939215,6.366346901466183
1987-07-01,11.886,91.347,394.853,1.9071096018867493,534.536,499.9931096018868,34.54289039811317,73.86836433841688,17.08902674469072,2.2236107577412936,0.356778514802885,6.462219644348215
1987-10-01,11.96,87.146,408.541,2.364503831123352,545.447,510.0115038311233,35.43549616887668,74.90021945303576,15.97698768166293,2.1926969989751526,0.4334983657666743,6.496597500559482
1988-01-01,12.229,84.535,402.645,2.0412366338920593,538.868,501.450236633892,37.41776336610803,74.72052524922614,15.687515309871802,2.2693869370606525,0.3788008629000162,6.943771640941386
1988-04-01,12.598,90.048,400.585,2.4297745863990787,542.697,505.6607745863991,37.0362254136009,73.81374874008884,16.5926843155573,2.3213690143855596,0.44772213341866246,6.824475796549622
1988-07-01,12.44,97.763,402.529,2.2918646485519414,552.924,515.023864648552,37.90013535144794,72.80005932099168,17.681091795617483,2.2498571232212745,0.41449903577199426,6.854492724397557
1988-10-01,12.56,102.702,409.621,2.422431018112183,564.743,527.3054310181121,37.43756898188792,72.53228459671035,18.185617174537796,2.2240204836536264,0.428943965327978,6.629133779770252
1989-01-01,13.137,104.886,439.507,2.611599903873444,598.209,560.1415999038734,38.06740009612656,73.47047603763903,17.53333701097777,2.196055224846166,0.436569811533,6.363561915004048
1989-04-01,12.409,94.438,448.427,2.4220020084228517,594.565,557.6960020084229,36.8689979915772,75.42102209178138,15.883545112813568,2.0870720610866766,0.4073569766842736,6.201003757634102
1989-07-01,11.805,91.577,457.067,2.5685801727333075,601.42,563.0175801727332,38.402419827266726,75.99797146752685,15.226796581423965,1.9628545774999169,0.4270859254320288,6.385291448117244
1989-10-01,12.39,91.371,467.379,2.8452665934219357,610.382,573.9852665934219,36.39673340657805,76.57155682834684,14.969478130089026,2.029876372501155,0.4661452325628763,5.962943436500103
1990-01-01,12.602,91.05,463.172,2.5643615436515805,607.186,569.3883615436515,37.79763845634852,76.28173245101172,14.995405032395343,2.075476048525493,0.4223354200609995,6.2250510480064625
1990-04-01,12.665,94.66,472.028,2.7419837113342287,620.34,582.0949837113342,38.24501628866585,76.09182061450173,15.259373891736788,2.041622336138247,0.44201304306255096,6.165170114560701
1990-07-01,12.091,96.957,477.004,2.8527418880348208,628.133,588.9047418880349,39.22825811196515,75.93996812776912,15.435743703960783,1.924910807106138,0.4541620784188732,6.245215282745079
1990-10-01,13.554,95.381,476.232,3.3488842715148928,626.593,588.5158842715149,38.07711572848507,76.00340252763756,15.222161754121096,2.163126622863645,0.534459253696561,6.076849841681135
1991-01-01,14.55,91.497,459.568,2.6674152676887517,613.433,568.2824152676886,45.15058473231136,74.91739114133084,14.915565351065235,2.371897175404649,0.4348340026846863,7.360312329514611
1991-04-01,15.279,87.467,461.448,2.7268054093093874,612.927,566.9208054093093,46.00619459069071,75.28596390761052,14.27037803849398,2.4927927795642875,0.4448825731790878,7.50598270115213
1991-07-01,15.895,88.169,464.132,2.672051509490967,616.693,570.868051509491,45.82494849050897,75.26143478197417,14.297065152352953,2.577457503166081,0.43328714765547316,7.4307554148513075
1991-10-01,16.041,89.502,469.212,2.8757257662811275,625.41,577.6307257662811,47.779274233718866,75.02470379431094,14.310932028589246,2.564877440399098,0.4598144843032775,7.639672252397446
1992-01-01,15.448,99.816,461.343,2.6928267890167237,627.451,579.2998267890167,48.1511732109833,73.52653832729568,15.908174502869546,2.462024923061721,0.42916925608800105,7.674092990685058
1992-04-01,15.295,102.025,470.239,2.732588815666199,637.932,590.2915888156662,47.64041118433386,73.71302897487506,15.993083902359501,2.3975909658082677,0.42835111197842385,7.467945044978752
1992-07-01,16.037,98.921,479.431,2.749670750705719,642.804,597.1386707507057,45.665329249294246,74.58432119277415,15.38898326706119,2.4948506854344403,0.4277619228731805,7.104082931857028
1992-10-01,16.515,107.215,498.975,3.0753847918968202,673.51,625.7803847918968,47.729615208103155,74.08575967691645,15.918843075826642,2.452079404908613,0.456620509257,7.086697333091291
1993-01-01,15.194,111.535,480.339,2.9032578232421873,656.938,609.9712578232421,46.96674217675786,73.11785891514877,16.978010101409875,2.3128514410796757,0.44193787286504777,7.149341669496644
1993-04-01,16.016,121.915,505.254,2.87281164572525,694.565,646.0578116457252,48.50718835427483,72.74394765068783,17.552712849049403,2.305903695118527,0.4136130737548322,6.983822731389405
1993-07-01,16.832,115.458,515.625,2.9340333264274596,699.151,650.8490333264274,48.301966673572565,73.75016269732862,16.514029158221902,2.4074913716779354,0.4196566015678244,6.908660171203727
1993-10-01,18.316,141.019,529.534,3.245463062252045,746.417,692.1144630622521,54.30253693774796,70.94345386024166,18.89279049110618,2.4538562224600993,0.4348056196806938,7.275093806511368
1994-01-01,18.932,122.361,526.741,3.113282083396912,727.521,671.1472820833969,56.37371791660303,72.4021712088036,16.818895949395277,2.6022616529282314,0.4279302017944378,7.748740987078453
1994-04-01,19.465,129.287,555.921,3.310291612804413,767.039,707.9832916128046,59.05570838719541,72.47623654077564,16.85533590860439,2.53768061337168,0.43156757515646693,7.699179362091811
1994-07-01,20.132,142.417,544.221,3.3590289502601616,770.302,710.1290289502601,60.172971049739886,70.65034233326669,18.48846296647289,2.61352041147498,0.43606649732963976,7.8116077914558035
1994-10-01,20.457,150.947,553.445,3.689362292095185,788.991,728.5383622920953,60.45263770790473,70.1459205491571,19.131650424402814,2.592805241124424,0.46760511743418937,7.662018667881474
1995-01-01,18.478,155.253,567.68,3.646613284801483,803.103,745.0576132848014,58.04538671519856,70.68582734717714,19.331642392071753,2.3008256724230893,0.454065454219631,7.227639134108397
1995-04-01,18.669,153.136,594.377,3.8054104319381716,826.947,769.9874104319381,56.959589568061915,71.87606944580487,18.518236356138907,2.257581199278793,0.46017585551893553,6.887937143258506
1995-07-01,19.376,159.12,591.549,4.107651336380005,830.271,774.15265133638,56.11834866361994,71.24770105182525,19.164826905913852,2.333695865566785,0.49473621701589066,6.759039959678219
1995-10-01,19.03,156.215,607.583,4.454316195602417,842.468,787.2823161956024,55.18568380439751,72.11941581163913,18.54254404915083,2.2588395048832717,0.5287223010965897,6.550478333230165
1996-01-01,18.009,162.36,636.39,4.475229140487672,875.999,821.2342291404877,54.76477085951228,72.64734320472968,18.534267733182343,2.0558242646395715,0.5108714896349963,6.2516933078133965
1996-04-01,17.766,171.925,673.639,4.700821816444397,921.58,868.0308218164445,53.54917818355557,73.0960958354131,18.655461273031097,1.9277762104212326,0.5100828811871347,5.810583799947435
1996-07-01,18.224,172.576,674.219,5.080138199535369,923.88,870.0991381995354,53.78086180046455,72.97690176213362,18.6794821838334,1.9725505476901761,0.5498699181208998,5.821195588221906
1996-10-01,18.855,175.295,689.392,5.650252486949921,946.372,889.19225248695,57.17974751304996,72.84577312092921,18.5228430257869,1.992345504727528,0.5970434973720611,6.041994851184309
1997-01-01,17.471,176.905,724.327,4.87267136548996,978.033,923.5756713654899,54.45732863451008,74.05956649724497,18.08783548203384,1.7863405427015244,0.4982113451683081,5.568046132851353
1997-04-01,19.752,180.472,739.297,4.97797948078537,1004.394,944.4989794807854,59.895020519214654,73.60627403190382,17.968247520395384,1.9665589400175625,0.4956201929507116,5.963299314732531
1997-07-01,20.43,190.457,757.034,5.121171253330231,1032.495,973.0421712533301,59.45282874666975,73.32083932609844,18.44628787548608,1.9787020760391092,0.4959996177541035,5.758171104622275
1997-10-01,20.184,181.51,778.63,5.7016048797416685,1045.441,986.0256048797416,59.41539512025838,74.47861715773534,17.362051038748238,1.9306684930091702,0.5453779677420025,5.6832853427652426
1998-01-01,19.3,178.769,800.573,4.977825673412323,1063.588,1003.6198256734123,59.9681743265877,75.27096958596749,16.808106146364945,1.8146124251119795,0.468021985337586,5.638289857217992
1998-04-01,20.035,175.397,820.909,5.211109139995575,1081.512,1021.5521091399955,59.95989086000441,75.90382723446434,16.217758101620696,1.852499093861187,0.4818355358050188,5.544080034248757
1998-07-01,20.667,180.118,841.613,5.55629221251297,1108.773,1047.9542922125129,60.81870778748703,75.90489667407125,16.244803940932904,1.8639523148561523,0.5011208076416878,5.485226262498007
1998-10-01,20.696,176.44,861.701,6.822385088726044,1127.159,1065.6593850887261,61.499614911273966,76.44893045258033,15.653514721525532,1.8361207247602158,0.6052726446513796,5.456161456482533
1999-01-01,19.709,186.026,869.78,5.760837779003143,1142.659,1081.2758377790033,61.38316222099684,76.11894712245734,16.280097561914797,1.7248365435357353,0.504160714526656,5.371958057565453
1999-04-01,20.272,184.42,885.759,6.131279506820679,1158.005,1096.5822795068207,61.42272049317944,76.49008423970535,15.92566526051269,1.7505969317921768,0.5294691738654563,5.304184394124329
1999-07-01,21.497,187.683,904.174,6.399587790687562,1182.148,1119.7535877906876,62.39441220931235,76.48568537949564,15.876438483167929,1.8184694302236268,0.5413525032980272,5.27805420381478
1999-10-01,21.954,192.1,929.997,6.557344827793121,1215.337,1150.608344827793,64.72865517220703,76.5217384149417,15.806315449953386,1.8064125423647925,0.539549509954286,5.325984082785848
2000-01-01,20.974,202.205,976.6,6.8821913958663945,1272.073,1206.6611913958664,65.41180860413374,76.77232360092542,15.895707243216387,1.6488047462684925,0.5410217334906404,5.142142676099071
2000-04-01,21.946,201.051,986.85,7.3997012962951665,1284.187,1217.2467012962952,66.94029870370468,76.84628484792326,15.655897466646213,1.708941143307011,0.5762168045849372,5.21265973753859
2000-07-01,22.426,185.57,1011.116,7.250737702602386,1291.65,1226.3627377026023,65.28726229739777,78.28095846398017,14.366895056710408,1.736228854565865,0.5613546783263567,5.0545629464172
2000-10-01,21.905,187.559,1023.916,7.80631881111908,1306.215,1241.1863188111192,65.02868118888068,78.38801422430458,14.358968469968575,1.6769827325516857,0.597628936363392,4.978405636811757
2001-01-01,21.069,154.94,1050.987,7.664395238750459,1301.0,1234.6603952387507,66.33960476124935,80.78301306687165,11.909300538047656,1.619446579554189,0.5891156985972682,5.099124116929235
2001-04-01,21.45,148.655,1048.972,7.335107222595215,1291.202,1226.4121072225953,64.7898927774047,81.23996090464544,11.51291587218731,1.6612427799833023,0.5680836323515001,5.017796810832442
2001-07-01,21.444,130.945,881.709,7.778608661575317,1104.283,1041.8766086615753,62.406391338424555,79.84447827232694,11.857920478717865,1.9418935182376258,0.7044035506817834,5.651304180035784
2001-10-01,21.32,115.785,1002.447,8.4142787534523,1210.806,1147.9662787534521,62.839721246547924,82.79171064563604,9.562638440840233,1.7608105675062726,0.6949320331623975,5.189908312855067
2002-01-01,20.861,115.523,847.798,7.689013021259308,1055.567,991.8710130212593,63.695986978740734,80.31683445958429,10.944165552731375,1.9762838360805142,0.728424914880752,6.034291236723082
2002-04-01,21.5,119.873,836.653,7.953966999897004,1051.808,985.9799669998971,65.82803300010289,79.54427043719005,11.396851896924154,2.0440993032948978,0.7562185303683756,6.258559832222506
2002-07-01,22.563,126.493,825.298,8.089191382926941,1047.885,982.4431913829269,65.4418086170731,78.7584515476412,12.071267362353694,2.1531942913583073,0.7719541154732572,6.245132683173544
2002-10-01,21.9,141.963,819.583,8.751909368110656,1057.477,992.1979093681106,65.27909063188952,77.5036241922992,13.424689142175195,2.0709670281244885,0.8276217230361186,6.173097914364995
2003-01-01,22.21,161.534,803.492,8.155036458141328,1062.924,995.3910364581413,67.53296354185863,75.59261057234572,15.197135449006701,2.0895191001426254,0.7672266745450596,6.353508203959891
2003-04-01,22.181,160.9,812.905,9.736825341804504,1074.61,1005.7228253418045,68.88717465819536,75.6465136188943,14.972873879826171,2.064097672644029,0.9060799119498707,6.410434916685623
2003-07-01,22.95,180.308,716.5,8.663005579975128,994.708,928.4210055799751,66.28699442002483,72.03118905246565,18.126726637364936,2.3072097540182646,0.8709094105983994,6.663965145552749
2003-10-01,22.867,200.39,781.627,9.891753370128631,1083.214,1014.7757533701285,68.4382466298714,72.1581331112781,18.49957626101583,2.111032538353456,0.9131855173704024,6.318072571982213
2004-01-01,23.212,209.161,773.233,9.49628826328659,1086.156,1015.1022882632866,71.05371173671335,71.18986591244719,19.256994391229256,2.1370779151429447,0.8743024264734155,6.541759354707184
2004-04-01,23.357,225.965,792.41,9.243368963352202,1122.2,1050.9753689633521,71.2246310366479,70.61219034040278,20.135893780074852,2.081358046693994,0.8236828518403316,6.3468749809880505
2004-07-01,24.527,244.456,816.678,9.00454096746826,1165.545,1094.6655409674684,70.87945903253171,70.06833712984054,20.97353598531159,2.1043374558682846,0.7725605590061525,6.081228869973421
2004-10-01,24.168,249.235,829.755,11.9376374731102,1188.485,1115.0956374731102,73.38936252688973,69.81619456703282,20.970815786484476,2.0335132542690904,1.004441576722483,6.175034815491128
2005-01-01,23.958,315.292,902.901,10.55633215115738,1326.264,1252.7073321511575,73.55666784884238,68.07852735202042,23.772944149882676,1.8064276795570113,0.7959450117893105,5.54615580675057
2005-04-01,25.012,306.06,925.849,10.251153578430175,1343.299,1267.1721535784302,76.12684642156978,68.92352335555971,22.78420515462306,1.8619830730165063,0.7631326739936659,5.667155742807058
2005-07-01,25.626,311.917,949.527,12.019705259296417,1374.911,1299.0897052592964,75.8212947407037,69.06097921974586,22.68634115226367,1.8638297315244405,0.8742169681744066,5.514632928291628
2005-10-01,24.815,344.693,970.589,12.42270339151764,1426.819,1352.5197033915179,74.29929660848211,68.02467586988959,24.158144796221524,1.7391834563458997,0.8706572726826347,5.20733860486033
2006-01-01,24.424,357.206,1025.547,10.900555835357666,1492.519,1418.0775558353578,74.44144416464223,68.7124921022781,23.93309565908374,1.636428078972529,0.7303462023168661,4.987637957348767
2006-04-01,24.509,367.265,1041.176,11.141885900928497,1518.932,1444.0918859009282,74.8401140990718,68.54658404721211,24.179160094066095,1.6135679543258026,0.7335342135743073,4.9271536908216955
2006-07-01,25.588,384.807,1060.878,11.695411169635772,1557.724,1482.9684111696356,74.75558883036433,68.104362518649,24.70315665676333,1.6426529988624432,0.7508012439710612,4.799026581754171
2006-10-01,24.726,354.554,1095.786,17.333719838954924,1569.927,1492.3997198389552,77.5272801610447,69.79853203365508,22.584107413911603,1.5749776900454606,1.1041099260637548,4.938272936324091
2007-01-01,23.105,354.45,1146.001,12.341863030635832,1606.513,1535.8978630306358,70.61513696936413,71.33468574483992,22.0633135243848,1.4382080941766424,0.7682392256169626,4.395553410981681
2007-04-01,23.04,347.737,1163.932,13.221561645023346,1619.091,1547.9305616450233,71.16043835497658,71.88799147175793,21.477298064160696,1.423020694945497,0.8166039861269903,4.395085783008898
2007-07-01,24.382,314.617,1179.259,13.054724412662505,1602.248,1531.3127244126626,70.9352755873374,73.60027910785347,19.63597395659099,1.5217369595718016,0.814775516191158,4.4272344597925795
2007-10-01,24.099,296.157,1194.411,15.589861530742644,1602.775,1530.2568615307425,72.51813846925756,74.52143937857778,18.477765126109404,1.5035797289076758,0.972679354915234,4.52453641148992
2008-01-01,22.912,241.721,1201.739,14.088796450881958,1551.383,1480.460796450882,70.92220354911797,77.46243190753025,15.581000952053747,1.4768757940495674,0.9081443106493985,4.571547035717032
2008-04-01,23.399,227.113,1191.342,14.071479525177002,1528.239,1455.9254795251773,72.31352047482278,77.9552151201481,14.86109175331869,1.5311086812991948,0.9207643258140253,4.731820119419985
2008-07-01,23.986,211.528,1173.67,14.566890702552797,1494.271,1423.750890702553,70.52010929744688,78.54465488522497,14.155932893029444,1.6051974507970777,0.9748493213448429,4.719365449603645
2008-10-01,23.69,127.48,1139.774,19.462229179912566,1384.171,1310.4062291799125,73.7647708200875,82.34343878032409,9.20984473739155,1.7114937388516303,1.4060567068601035,5.329166036572612
2009-01-01,21.247,122.734,921.233,13.967642809986115,1144.195,1079.181642809986,65.01335719001395,80.51363622459459,10.726668094162271,1.8569387211096011,1.2207397174420547,5.682017242691495
2009-04-01,23.129,138.944,855.509,14.077500255851747,1102.464,1031.6595002558518,70.80449974414819,77.59972207709276,12.60304191338674,2.097936984790433,1.276912466606778,6.422386558123276
2009-07-01,23.428,159.402,841.998,12.78884875376892,1104.113,1037.616848753769,66.49615124623097,76.26012917156125,14.437109245158783,2.1218842636577957,1.1582916561773042,6.022585663444861
2009-10-01,23.58,190.77,847.467,13.986045501213074,1143.889,1075.803045501213,68.0859544987868,74.08647167688474,16.677317466991994,2.061388823565923,1.2226750586125992,5.952146973944745
2010-01-01,22.819,204.712,903.375,13.13562582298279,1213.369,1144.0416258229827,69.32737417701719,74.45179496097231,16.871372187685694,1.8806315308863175,1.0825747009345708,5.713626619521118
2010-04-01,23.647,212.162,935.221,13.868874550651551,1257.379,1184.8988745506515,72.4801254493484,74.37860820007333,16.873353221264235,1.8806580991093378,1.1029987418790637,5.764381737674036
2010-07-01,25.337,227.111,958.476,13.51459028048706,1297.148,1224.438590280487,72.7094097195129,73.8910286258777,17.50848785181028,1.9532852072392664,1.0418695692771418,5.605328745795616
2010-10-01,24.977,233.562,977.206,16.470981208820344,1326.495,1252.2159812088205,74.2790187911794,73.66827617141415,17.607454230886663,1.8829320879460536,1.2416919180864117,5.599645591666716
2011-01-01,25.708,228.874,1111.389,14.437437203475953,1458.521,1380.408437203476,78.11256279652389,76.19972561245261,15.692197781176958,1.7626074633138638,0.989868312041853,5.355600831014699
2011-04-01,26.806,227.162,1126.463,14.511755124324798,1476.191,1394.9427551243248,81.24824487567525,76.30875679366694,15.388388087991324,1.8158896782326948,0.9830540305641208,5.50391140954492
2011-07-01,27.962,201.742,1144.227,16.118525996311188,1471.733,1390.0495259963113,81.68347400368862,77.74691469172737,13.707785311602036,1.8999370130315756,1.0952072146449925,5.550155768994011
2011-10-01,28.148,238.033,1140.969,16.993127017196652,1507.169,1424.1431270171965,83.02587298280355,75.70279112694064,15.79338481616859,1.8676074149614277,1.1274865006642687,5.508730141265083
2012-01-01,27.995,261.54,1138.252,16.009889665927886,1529.118,1443.7968896659277,85.32111033407227,74.43846714249652,17.103977587079612,1.8307939609631174,1.0470015829993427,5.5797597264614165
2012-04-01,28.137,275.518,1150.649,16.465239690189364,1556.654,1470.7692396901891,85.88476030981087,73.918096121553,17.69937314265084,1.8075307679163126,1.057732783919186,5.517267183960653
2012-07-01,29.308,280.818,1163.772,16.807785615703583,1575.77,1490.7057856157035,85.06421438429652,73.85417922666379,17.821001795947378,1.8599161045076376,1.0666395232618708,5.39826334961933
2012-10-01,29.723,280.925,1212.867,18.595729640232086,1630.259,1542.110729640232,88.14827035976805,74.39719700980028,17.231924497886535,1.823207232715783,1.1406610630723146,5.407010196525095
2013-01-01,30.086,298.004,1273.533,17.599425923656465,1710.991,1619.2224259236564,91.76857407634361,74.43247802004802,17.417040767601936,1.7583961575484617,1.0286100817395571,5.363474973062021
2013-04-01,30.647,292.92,1296.406,17.661790963565828,1730.865,1637.6347909635658,93.23020903643419,74.8993133491058,16.923330242393256,1.770617581382719,1.020402571174865,5.386336255943369
2013-07-01,32.218,300.576,1308.293,18.556223853412625,1753.758,1659.6432238534126,94.11477614658747,74.59940311034931,17.138966721748382,1.8370835656915039,1.0580834900489478,5.366463112161854
2013-10-01,32.526,302.225,1333.169,19.722422791530608,1783.928,1687.6424227915309,96.28557720846925,74.73222013444489,16.941546968263292,1.8232798633128693,1.1055615916971204,5.397391442281821
2014-01-01,33.622,337.427,1369.11,20.82118769226837,1865.024,1760.9801876922681,104.04381230773174,73.40977917710441,18.09236771215813,1.8027650046326484,1.1164032040482252,5.578684902056582
2014-04-01,33.422,358.973,1389.003,20.01247965748596,1903.372,1801.410479657486,101.96152034251418,72.97590802008224,18.859844528552486,1.7559363067230156,1.0514224049469028,5.35688873969535
2014-07-01,34.994,329.614,1413.271,20.192318422756195,1900.394,1798.0713184227561,102.32268157724388,74.36726278866382,17.344508559803913,1.8414076238927297,1.0625332653521427,5.384287762287393
2014-10-01,34.649,332.584,1443.522,20.41723718612671,1933.008,1831.1722371861267,101.83576281387332,74.6774974547441,17.205515962686135,1.7924912881891848,1.0562417323739326,5.26825356200664
2015-01-01,34.791,345.413,1509.143,21.59531668536758,2017.75,1910.9423166853676,106.80768331463241,74.79335893941271,17.11872134803618,1.7242473051666458,1.0702672127551769,5.293405194629286
2015-04-01,35.651,350.684,1527.675,21.62505548727036,2045.283,1935.6350554872704,109.64794451272951,74.69259755251474,17.14598908806263,1.743083964419594,1.0573136083011672,5.3610157867018655
2015-07-01,35.157,324.673,1540.862,22.53787403876877,2026.616,1923.2298740387687,103.3861259612313,76.03127578189455,16.020449853351597,1.7347637638309377,1.1120939555776115,5.101416645345309
2015-10-01,36.265,295.581,1552.631,22.24535653791046,2013.189,1906.7223565379106,106.46664346208945,77.12296262298274,14.682228047143115,1.8013708598646225,1.1049810294965081,5.288457440513009
2016-01-01,34.344,310.829,1526.778,23.780408616558073,2001.701,1895.7314086165582,105.96959138344187,76.2740289383879,15.528243229133624,1.7157407624815095,1.1880100282988355,5.293977041698128
2016-04-01,33.579,314.735,1536.722,23.372109165950775,2011.666,1908.4081091659507,103.25789083404925,76.39051413107345,15.64548985766027,1.6692134777840855,1.1618285125836383,5.132954020898561
2016-07-01,34.794,322.641,1553.784,23.42446341476822,2036.51,1934.6434634147686,101.86653658523142,76.29640905274219,15.842838974520134,1.7085111293340074,1.150225798781652,5.002015044621996
2016-10-01,34.552,299.247,1574.5,24.42252256105804,2034.647,1932.721522561058,101.92547743894193,77.38443081281422,14.707563523304042,1.6981815518859047,1.2003321736428012,5.009491938353038
2017-01-01,31.43,211.766,1579.976,24.11652320058823,1943.31,1847.2885232005885,96.0214767994114,81.30334326484196,10.897180583643372,1.6173436044686642,1.2410023722714456,4.941130174774555
2017-04-01,32.314,225.749,1600.122,24.578497408561706,1982.371,1882.763497408562,99.6075025914381,80.71758515434296,11.387828009994092,1.630068236470368,1.2398535596294389,5.024665039563135
2017-07-01,33.596,241.489,1623.213,24.87658826578903,2021.546,1923.174588265789,98.37141173421105,80.29562522940364,11.945758345345592,1.661896390188499,1.2305724562186084,4.86614757884367
2017-10-01,34.094,242.376,1649.082,25.789729969459536,2051.989,1951.3417299694597,100.64727003054031,80.36505068984289,11.811759224830153,1.6615098813882532,1.2568161900214638,4.904864013917243
2018-01-01,36.966,215.492,1597.314,25.25451715163422,1987.756,1875.0265171516342,112.72948284836593,80.35764953042526,10.840968408597433,1.8596849915180735,1.2705038823494543,5.6711931871097825
2018-04-01,38.079,229.09,1607.217,25.671111928993223,2017.635,1900.0571119289932,117.57788807100678,79.65846151558632,11.354382730275793,1.8873086559263692,1.2723367670065806,5.827510331204939
2018-07-01,41.447,225.544,1624.814,25.74484030543518,2039.255,1917.5498403054355,121.7051596945646,79.67684276856008,11.060117542926214,2.0324579319408316,1.2624630223015356,5.96811873427132
2018-10-01,46.962,229.696,1627.818,26.991443477863314,2069.109,1931.4674434778633,137.64155652213663,78.67241406808438,11.101203464873045,2.269672598205315,1.3044959679680148,6.652213900869246
2019-01-01,42.525,197.363,1681.871,26.414458183586124,2079.842,1948.1734581835863,131.66854181641384,80.86532534682924,9.489326593077744,2.044626466818152,1.2700223470622347,6.330699246212637
2019-04-01,41.501,205.603,1686.705,26.808486441421508,2088.037,1960.6174864414215,127.41951355857827,80.77945936781772,9.846712486416669,1.9875605652581827,1.2839085917261768,6.102358988781247
2019-07-01,45.469,206.911,1699.755,27.083786247882845,2110.233,1979.2187862478831,131.01421375211703,80.54821434410323,9.805125784688231,2.154690974882868,1.283450038355141,6.208518857970518
2019-10-01,45.42,231.928,1736.162,27.593951800159452,2173.772,2041.1039518001596,132.6680481998403,79.86863387696594,10.669380229389283,2.0894555638769843,1.2694041417480515,6.103126188019734
2020-01-01,44.855,192.531,1754.972,28.46242501062012,2159.532,2020.82042501062,138.7115749893801,81.266311404508,8.915403893065719,2.0770704022908664,1.3179904261951254,6.423223873940284
2020-04-01,31.825,199.682,1621.811,27.46164766002273,1977.89,1880.7796476600226,97.11035233997745,81.99702713497716,10.095708052520616,1.6090379141408269,1.3884314931579982,4.909795405203396
2020-07-01,38.464,257.725,1736.714,27.850677807594302,2170.988,2060.753677807594,110.23432219240567,79.99648086493339,11.871323102661096,1.7717278953177078,1.2828572892892223,5.077610847798591
2020-10-01,40.206,250.997,1850.263,29.40765865052414,2288.481,2170.8736586505242,117.60734134947597,80.85114099701941,10.967842861706083,1.7568858994241159,1.285029617922287,5.139100623928098
2021-01-01,39.336,279.95,1993.654,30.31480534748459,2465.136,2343.2548053474843,121.88119465251566,80.87399640425518,11.356371413179637,1.5956928948341997,1.2297416997473807,4.94419758798361
2021-04-01,44.423,339.254,2093.933,30.603485299259184,2644.988,2508.213485299259,136.77451470074084,79.16606805021422,12.82629637639188,1.6795161263491558,1.157036829628686,5.171082617416066
2021-07-01,47.281,348.713,2176.058,31.468737698745723,2740.565,2603.520737698746,137.0442623012541,79.40180218312646,12.7241280538867,1.7252281919969057,1.148257300912247,5.0005842700776695
2021-10-01,49.523,373.985,2246.847,32.72407774341965,2849.597,2703.07907774342,146.51792225658028,78.8478862098746,13.124136500705186,1.7378948672391217,1.1483756384997474,5.141706783681351
2022-01-01,50.63,385.017,2595.453,33.987491908069615,3222.172,3065.0874919080698,157.08450809193027,80.54979684510944,11.948989687701339,1.5713003526813591,1.0548006719712546,4.8751124425365955
2022-04-01,51.856,425.572,2600.369,33.952013072734836,3271.182,3111.749013072735,159.43298692726466,79.49325350897628,13.009731650516542,1.5852373851409065,1.0379126894417625,4.873864765924509
2022-07-01,51.656,416.917,2626.148,33.66824263551331,3277.537,3128.3892426355133,149.14775736448655,80.12565533203745,12.720436107967659,1.5760615364525252,1.027242183246545,4.550604840295824
2022-10-01,47.599,419.327,2599.384,34.022094792736056,3240.805,3100.3320947927364,140.47290520726347,80.20797301904928,12.938976581435785,1.4687400198407494,1.0498038232086182,4.334506556465553
2023-01-01,44.388,419.217,2265.621,34.783184405979156,2900.169,2764.0091844059793,136.15981559402053,78.12030954058196,14.45491624798417,1.5305314966127836,1.199350258760064,4.6948924560610275
2023-04-01,43.799,415.489,2262.625,35.45208769577027,2891.709,2757.3650876957704,134.34391230422943,78.24525220207151,14.368285328848787,1.5146406502175702,1.2259908481721455,4.645830970689977
2023-07-01,44.874,428.441,2282.401,35.34146033178712,2921.203,2791.0574603317864,130.1455396682136,78.1322284004227,14.666594550258916,1.5361479500055286,1.2098255524106718,4.455203546902204
2023-10-01,43.933,442.673,2303.629,37.29126851264954,2959.161,2827.526268512649,131.63473148735102,77.84736957536275,14.95940910278285,1.4846437892362059,1.2601973502844062,4.4483801823338105
2024-01-01,44.63,472.258,2343.044,37.02501755624772,3033.756,2896.9570175562476,136.79898244375227,77.23244717109748,15.566775970117572,1.471113695366404,1.220434918175612,4.5092282452429355
2024-04-01,44.34,495.256,2383.776,38.38695888111115,3098.577,2961.758958881111,136.81804111888914,76.93131395476051,15.98333686721356,1.4309794463716732,1.2388576717993822,4.4155120598548665
2024-07-01,48.451,490.558,2423.389,37.92216350202942,3141.087,3000.3201635020296,140.76683649797042,77.15128552631622,15.61745981566254,1.5424915005537891,1.2072942743078883,4.481468883159569
2024-10-01,47.71,508.568,2462.759,39.89090961733627,3202.119,3058.9279096173364,143.1910903826638,76.91028971752768,15.88223298384601,1.489950873156182,1.245765994872029,4.471760430598107
2025-01-01,49.352,469.186,2538.295,39.76733607333755,3246.051,3096.6003360733375,149.4506639266624,78.19639925558779,14.454055096484927,1.5203704439640657,1.225098930156598,4.6040762738066165
2025-04-01,91.368,469.735,2579.551,41.24308134350586,3462.724,3181.8970813435058,280.8269186564944,74.49484856430948,13.565476197352142,2.638616303234101,1.1910588699389804,8.110000065165297
